KeyID,Opened Holiday Card Invite,Phone Calls,Text Messages,Emails,In Person,Ethnicity,Location
0007AicloudI,Opened,55,349,818,4,European,London
0029CgmailA,Opened,72,203,316,9,European,Berlin
0032GequinoxN,Sent,50,447,862,6,European,London
0033MequinoxR,Sent,74,145,947,2,European,Paris
0037SgmailA,Opened,39,441,731,3,European,London
0039MgmailH,Opened,19,0,762,8,European,London
0045MwallstreetprepL,Opened,1,482,2,3,European,London
0062KgmailY,Opened,14,246,840,8,European,Amsterdam
0063SinmobiL,Sent,10,210,193,7,European,Paris
0064StheintentiontableD,Opened,24,82,239,7,European,Paris
0074RkeystonefirmI,Opened,78,354,589,6,European,London
0075RgmailI,Opened,89,421,481,10,European,London
0089DubsR,Sent,11,138,968,6,European,Paris
0105KbridgelawllpA,Opened,18,144,745,7,European,Paris
0106TkckwlawM,Opened,22,497,663,7,European,Paris
0107JgmailN,Sent,82,89,101,8,European,Paris
0116HsirfcoffeeI,Opened,8,383,120,8,European,Paris
0131JgmailI,Opened,67,171,743,7,European,London
0133CicloudN,Opened,68,152,785,3,European,London
0145PiracapitalL,Sent,99,253,508,4,European,London
0146LyahooU,Opened,71,123,570,2,European,London
0148HdynamicmerchantsolutionsN,Sent,82,115,623,3,European,Paris
0150DgmailI,Opened,62,73,176,4,European,Paris
0156BgmailR,Opened,38,336,176,2,European,London
0158RgmailA,Opened,19,325,809,3,European,London
0191HarkhousefundD,Opened,49,49,870,2,European,London
0194SbainN,Sent,2,218,416,1,European,London
0198GyahooL,Opened,23,109,57,7,European,London
0213DgmailR,Opened,52,110,283,6,European,Paris
0219LgmailI,Opened,17,136,31,4,European,London
0225TbarrysA,Opened,46,194,162,6,European,Paris
0226JhotmailA,Opened,66,242,468,6,European,London
0230JunknownN,Sent,80,318,632,10,European,London
0252SstanfordV,Opened,80,409,773,10,European,Paris
0257XrinseX,Opened,35,38,660,9,European,Amsterdam
0270DbtsO,Sent,46,144,869,6,European,Paris
0272XfinsimcoX,Opened,99,139,534,9,European,Paris
0287KjefferiesR,Sent,78,160,279,10,European,London
0298XcorepoweryogaX,Sent,72,106,823,0,European,Amsterdam
0303AaccountaxaidD,Opened,70,126,687,1,European,London
0307Jocielectronics.,Opened,77,150,580,4,European,Amsterdam
0315JabansN,Opened,33,292,901,4,European,London
0319MyahooU,Opened,18,144,62,4,European,London
0326MunknownU,Sent,83,265,353,9,European,London
0332SgmailK,Opened,61,121,919,7,European,Paris
0333KgmailN,Opened,89,145,776,1,European,Paris
0354SgmailR,Sent,12,451,182,9,European,London
0359JgmailN,Sent,1,144,887,6,European,Paris
0366PhotmailA,Sent,42,412,238,6,European,Paris
0371AunknownS,Sent,62,225,242,9,European,London
0378FuberR,Opened,21,18,761,3,European,Paris
0381CgmailG,Opened,41,84,446,1,European,London
0395MgmailL,Opened,62,136,876,10,European,London
0400XmegamelonX,Opened,71,448,947,9,European,London
0403RcowenG,Opened,32,316,909,4,European,Amsterdam
0414AgmailA,Opened,64,495,549,9,European,Berlin
0425MgaltgrpI,Opened,36,442,229,10,European,Amsterdam
0426DhotmailD,Bounced,63,388,550,6,European,London
0447SgmailL,Opened,73,351,605,8,European,London
0449SgenglobalcapitalH,Sent,28,156,655,10,European,London
0462Bevict123K,Sent,74,294,234,7,European,London
0466YyccllpG,Sent,23,314,750,6,European,Paris
0467HunknownH,Opened,16,199,49,5,European,Amsterdam
0479SgmailH,Opened,54,309,858,1,European,Amsterdam
0480BgmailY,Sent,71,475,700,6,European,London
0482KunknownI,Sent,2,154,664,3,European,Amsterdam
0485BunknownA,Opened,14,109,868,4,European,London
0487KunknownL,Opened,79,437,89,1,European,London
0488XunknownX,Sent,7,319,330,7,European,London
0489MindiawestA,Bounced,79,352,860,6,European,London
0493SgmailU,Opened,83,470,746,1,European,London
0500KunknownE,Opened,7,234,776,6,European,Paris
0502UgmailL,Sent,86,206,557,2,European,Paris
0509BgmailI,Opened,59,250,743,9,European,London
0520PunknownA,Opened,45,257,177,5,European,London
0529DunknownN,Opened,17,256,938,9,European,London
0531WunknownT,Opened,39,369,938,6,European,London
0533RunknownN,Sent,16,137,837,9,European,Amsterdam
0535BunknownR,Sent,92,280,454,6,European,Paris
0542SgmailI,Opened,60,144,938,6,European,London
0543SgmailL,Opened,34,401,761,4,European,Paris
0549IinjogroupO,Opened,15,68,456,8,European,Paris
0555SdorchestercollectionN,Opened,77,391,885,7,European,London
0583DaolE,Bounced,23,496,443,2,European,Berlin
0584XgmailX,Opened,46,368,744,7,European,London
0592AunknownG,Unsubscribed,42,307,712,2,European,London
0593CunknownA,Sent,72,25,304,6,European,Paris
acomacu,Opened,16,11,845,7,European,London
adomadd,Unsubscribed,26,35,888,1,European,Paris
adomadi,Bounced,55,462,191,5,European,London
agomaga,Opened,26,98,414,1,European,London
ajomaja,Bounced,78,369,828,8,European,London
ajomaja,Opened,98,278,812,0,European,London
AlomAlb,Opened,37,384,59,0,European,London
alomali,Sent,20,134,413,2,European,Paris
alomall,Unsubscribed,72,470,199,5,European,London
amomama,Opened,46,163,642,5,European,Berlin
AmomAma,Unsubscribed,19,254,397,4,European,Amsterdam
amomami,Bounced,68,284,53,6,European,London
amomami,Sent,55,141,447,3,European,Amsterdam
amomami,Sent,57,490,931,8,European,Paris
amduamo,Sent,30,53,512,8,European,Amsterdam
amomamt,Bounced,50,311,635,9,European,Paris
anomand,Sent,38,157,264,8,European,Paris
anomand,Sent,29,470,361,7,European,London
anomani,Sent,11,187,207,4,European,London
anomani,Sent,84,359,988,2,European,London
anomani,Unsubscribed,75,94,203,8,European,London
anomani,Bounced,53,63,762,4,European,London
anomanj,Sent,21,324,332,4,European,Paris
anomank,Opened,83,114,413,2,European,Amsterdam
aoomaol,Unsubscribed,63,175,293,4,European,Paris
apomapo,Opened,64,301,922,4,European,London
aromare,Sent,42,333,789,8,European,London
aromaro,Unsubscribed,56,52,24,4,European,London
aretaru,Sent,59,159,358,6,European,Berlin
asomase,Unsubscribed,48,406,923,0,European,London
avomava,Opened,3,390,151,7,European,Berlin
avomavi,Opened,93,251,977,6,European,London
ayomaye,Opened,73,11,74,5,European,London
BBomBBi,Opened,19,161,178,7,European,Paris
beombel,Bounced,51,323,657,8,European,Amsterdam
bhombha,Bounced,96,405,222,9,European,London
blombla,Unsubscribed,50,101,993,10,European,Paris
boombod,Sent,69,3,747,7,European,Paris
boombod,Bounced,22,427,16,4,European,London
brombri,Sent,58,473,604,9,European,London
bsombsa,Unsubscribed,63,114,3,8,European,Amsterdam
bwombwi,Sent,94,126,994,4,European,Paris
caomcal,Bounced,72,346,776,5,European,London
caomcar,Bounced,82,370,300,9,European,Paris
ccducch,Bounced,16,367,568,6,European,Amsterdam
ccomccr,Unsubscribed,20,226,184,5,European,London
chetcha,Sent,87,423,274,5,European,Amsterdam
chomcha,Sent,52,493,27,3,European,London
chomcha,Sent,26,491,67,5,European,Amsterdam
chomche,Bounced,40,73,548,3,European,Paris
chomchr,Bounced,47,302,296,2,European,London
ChetChr,Bounced,75,97,35,0,European,London
cuetcus,Bounced,42,146,35,1,European,Paris
cuomcus,Opened,29,184,642,6,European,Paris
daomdak,Sent,14,237,675,7,European,Amsterdam
daomdam,Sent,69,441,861,1,European,London
dbetdbe,Opened,17,383,871,9,European,Paris
DeduDeb,Unsubscribed,93,245,981,3,European,London
deomdee,Opened,40,55,487,3,European,London
deomdee,Bounced,20,490,664,2,European,London
djomdjx,Bounced,4,361,271,5,European,Amsterdam
doomdok,Unsubscribed,45,487,665,1,European,London
DoomDor,Sent,22,446,66,2,European,Amsterdam
DoomDou,Opened,8,496,715,9,European,Amsterdam
dromdra,Bounced,1,42,368,4,European,London
dromdrj,Bounced,89,451,887,4,European,London
dsomdsh,Sent,91,485,441,7,European,Amsterdam
eaomeap,Sent,15,77,192,6,European,London
ekomekb,Unsubscribed,75,473,934,8,European,London
ekomekd,Opened,94,389,731,8,European,Amsterdam
enomenw,Unsubscribed,80,271,280,4,European,London
eromeri,Opened,100,239,769,6,European,London
EromEri,Sent,20,486,852,1,European,London
eromeri,Unsubscribed,72,239,767,6,European,London
eromers,Sent,38,286,745,2,European,Paris
eromeru,Bounced,90,166,265,5,European,London
esomesp,Opened,51,62,12,5,European,Berlin
faomfal,Opened,74,216,362,3,European,London
faomfay,Opened,44,421,527,5,European,Paris
fdomfda,Bounced,53,57,576,2,European,London
fiomfil,Sent,14,262,798,7,European,London
flomflu,Opened,24,343,830,3,European,London
glomgli,Bounced,50,391,262,7,European,Paris
gpomgpa,Sent,52,58,649,4,European,Paris
haomhad,Sent,12,88,606,9,European,London
haomhar,Unsubscribed,63,466,72,5,European,Paris
haomhar,Bounced,43,342,165,7,European,Amsterdam
heomhev,Opened,37,422,522,5,European,London
hoomhob,Opened,91,373,17,10,European,London
hromhr@,Bounced,28,74,745,5,European,Amsterdam
inomind,Opened,59,336,771,7,European,Paris
JaomJac,Bounced,21,225,933,6,European,London
JaomJas,Bounced,42,113,239,2,European,Amsterdam
jaomjas,Opened,84,321,583,1,European,London
jaomjas,Bounced,58,391,496,10,European,Amsterdam
JaduJat,Bounced,84,305,222,2,European,London
jaomjay,Unsubscribed,77,39,410,1,European,London
jaomjay,Sent,82,139,407,5,European,London
jeomjef,Opened,70,8,995,6,European,Amsterdam
JeomJen,Unsubscribed,94,35,221,10,European,London
jedujer,Sent,6,4,644,5,European,Paris
jgomjga,Bounced,34,285,771,9,European,London
jhomjha,Unsubscribed,81,411,446,1,European,Paris
jnomjna,Unsubscribed,43,187,232,7,European,Paris
jobrjoa,Bounced,4,362,568,5,European,London
joetjon,Opened,28,161,153,2,European,Amsterdam
joomjor,Opened,17,366,606,7,European,London
joetjos,Opened,47,51,530,6,European,Amsterdam
jromjrw,Bounced,34,115,653,10,European,Paris
juomjul,Sent,81,417,564,4,European,Amsterdam
JuomJus,Unsubscribed,73,2,463,2,European,London
jwomjwe,Sent,2,38,727,8,European,Paris
jyomjyo,Sent,12,35,903,3,European,London
kaomkap,Opened,71,24,851,0,European,London
kaomkat,Sent,87,176,58,7,European,Paris
kaomkay,Bounced,20,402,621,2,European,Amsterdam
KfomKfo,Sent,18,188,157,7,European,Paris
kiomkir,Unsubscribed,35,249,657,6,European,London
laomlab,Unsubscribed,71,394,132,4,European,Paris
laomlac,Opened,22,288,93,6,European,Paris
laomlau,Bounced,83,7,284,9,European,London
liomlim,Opened,30,249,466,9,European,London
miommis,Unsubscribed,83,35,837,6,European,London
neomnew,Sent,51,15,599,8,European,Paris
plompla,Sent,79,49,750,9,European,Amsterdam
roomrod,Opened,11,363,949,9,European,Amsterdam
sdomsds,Sent,38,133,197,2,European,Paris
shomshe,Sent,70,332,225,2,European,London
stetsta,Unsubscribed,32,493,467,2,European,London
ucomucl,Sent,45,96,330,7,European,Paris
0003BzibabeautyA,Opened,47,398,442,2,Indian,Bombay
0005AyahooI,Opened,70,248,154,5,Indian,Bombay
0006AicloudI,Opened,51,89,996,3,Indian,Delhi
0010JgmailN,Opened,89,217,868,10,Indian,Bombay
0011JgmailN,Opened,62,244,527,6,Indian,Bombay
0012JaolN,Opened,82,315,19,10,Indian,Bombay
0014PgmailI,Opened,23,181,584,0,Indian,Bombay
0018LstanfordN,Opened,20,436,688,0,Indian,Chennai
0020MampfI,Opened,91,470,879,7,Indian,Bombay
0021BampfS,Opened,56,44,469,5,Indian,Delhi
0024KmckinseyR,Opened,84,55,74,4,Indian,Bombay
0025MgmailI,Opened,92,148,754,5,Indian,Bombay
0028CgmailA,Opened,68,349,186,9,Indian,Bombay
0031WequinoxG,Opened,44,433,874,3,Indian,Bangalore
0035GcreatingchangelaG,Opened,51,345,967,1,Indian,Bombay
0038SgmailA,Sent,42,309,152,4,Indian,Bombay
0044AwallstreetprepK,Opened,73,324,159,8,Indian,Delhi
0048RgmailI,Opened,71,164,501,10,Indian,Bombay
0049RgmailI,Opened,35,404,513,1,Indian,Delhi
0050BgmailR,Opened,8,262,894,8,Indian,Bombay
0051BgmailR,Opened,89,38,130,3,Indian,Bangalore
0055CgmailN,Opened,5,240,348,9,Indian,Delhi
0057SyahooI,Opened,50,326,382,7,Indian,Bangalore
0061KgmailY,Opened,78,134,859,4,Indian,Delhi
0065CaolH,Opened,84,488,705,10,Indian,Bangalore
0067SgmailD,Opened,9,228,894,6,Indian,Bombay
0069AkarmanI,Opened,76,317,217,10,Indian,Delhi
0072ZindustriousofficeN,Opened,44,160,640,1,Indian,Delhi
0082AgmailI,Opened,7,293,907,0,Indian,Bombay
0087JarqivaI,Opened,91,17,471,8,Indian,Delhi
0088KgmailJ,Opened,38,43,489,7,Indian,Delhi
0094JgmailI,Opened,80,211,830,8,Indian,Bombay
0095JgmailI,Opened,38,298,324,3,Indian,Delhi
0096JgmailI,Opened,2,282,569,0,Indian,Bangalore
0102SgmailI,Opened,89,406,382,6,Indian,Delhi
0103GgmailA,Opened,65,6,551,4,Indian,Delhi
0108SgmailA,Opened,96,326,626,8,Indian,Bombay
0113BgmailA,Opened,83,348,72,8,Indian,Bombay
0114NsambaN,Opened,96,57,257,10,Indian,Bombay
0118PsirfcoffeeA,Opened,31,97,266,2,Indian,Chennai
0123AgmailA,Opened,58,215,313,9,Indian,Bombay
0132KuberE,Sent,0,105,704,2,Indian,Bombay
0134BgmailJ,Opened,26,269,615,2,Indian,Bombay
0136SthrockmortonpartnersR,Opened,2,144,211,1,Indian,Bombay
0144MgmailY,Opened,99,218,189,4,Indian,Bangalore
0147AtaxguruA,Sent,54,304,734,3,Indian,Bombay
0149MredcloudllcN,Opened,25,47,254,1,Indian,Bombay
0152LmweG,Opened,35,315,73,0,Indian,Bangalore
0153SgmailT,Sent,47,416,351,0,Indian,Bombay
0154DgmailN,Opened,80,210,441,9,Indian,Bombay
0157SgmailJ,Opened,48,412,720,7,Indian,Delhi
0159ToutlookN,Opened,22,163,204,10,Indian,Bombay
0167TdeloitteR,Sent,29,385,708,4,Indian,Bombay
0168TdeloitteR,Opened,10,21,593,0,Indian,Bombay
0172XaccelX,Opened,81,341,609,5,Indian,Bombay
0173CrukusavenueD,Opened,22,391,310,1,Indian,Delhi
0176WanaT,Opened,29,455,652,1,Indian,Delhi
0177HgmailD,Opened,74,93,19,1,Indian,Bombay
0179PvcnpartnersT,Opened,21,473,357,8,Indian,Delhi
0181JgmailY,Opened,75,270,571,3,Indian,Delhi
0184BgmailA,Opened,39,421,731,0,Indian,Bombay
0187KgmailN,Opened,55,99,946,7,Indian,Bombay
0188BunknownA,Opened,97,359,212,1,Indian,Delhi
0189MgmailI,Opened,41,155,406,1,Indian,Delhi
0197CaolA,Opened,51,413,107,3,Indian,Bombay
0201JaolN,Opened,86,318,136,6,Indian,Bombay
0203XcorporatemarriagebureauX,Sent,19,316,513,4,Indian,Bombay
0205BgmailE,Sent,78,118,262,3,Indian,Bombay
0207BcorporatefinanceinstituteM,Opened,26,30,872,6,Indian,Bombay
0209YgmailG,Opened,91,470,23,0,Indian,Delhi
0211XunknownX,Opened,24,104,879,2,Indian,Bombay
0218KicloudA,Opened,77,490,14,1,Indian,Bombay
0222BbarrysS,Opened,57,162,327,5,Indian,Delhi
0223TgmailA,Opened,81,75,160,9,Indian,Bombay
0224KgmailA,Sent,31,320,820,6,Indian,Bangalore
0228JunknownA,Opened,44,309,50,5,Indian,Bombay
0229JunknownA,Sent,93,481,444,5,Indian,Delhi
0232GgmailN,Opened,20,140,924,1,Indian,Bombay
0234SsabarwallawL,Opened,91,107,11,5,Indian,Bombay
0236MgmailI,Opened,68,363,185,9,Indian,Bombay
0240AgmailA,Opened,3,52,327,10,Indian,Bangalore
0241CcgfA,Opened,91,155,74,9,Indian,Delhi
0243DdcifactsR,Opened,57,204,997,7,Indian,Delhi
0246ScarlyleY,Sent,69,147,297,6,Indian,Bombay
0250HstanfordY,Opened,54,178,271,9,Indian,Bombay
0258AnavconsultingY,Opened,26,326,12,8,Indian,Bombay
0260BunknownR,Responded,54,206,241,7,Indian,Bombay
0262KmacR,Opened,59,449,452,1,Indian,Delhi
0265KgmailA,Opened,46,309,951,7,Indian,Chennai
0266VgmailJ,Opened,52,390,100,3,Indian,Bombay
0267GptA,Opened,23,416,963,0,Indian,Delhi
0268DgmailN,Opened,59,325,632,8,Indian,Delhi
0275ZzenshoO,Opened,14,490,970,4,Indian,Bangalore
0282Rloan-americaH,Opened,43,302,478,4,Indian,Delhi
0288HmbencinoN,Sent,86,372,49,3,Indian,Delhi
0289KwattcompaniesY,Opened,88,379,810,6,Indian,Bombay
0291RuberT,Opened,51,75,39,6,Indian,Bombay
0292BmonetnetworksT,Opened,62,143,212,4,Indian,Bangalore
0299WgsE,Opened,87,79,949,10,Indian,Bombay
0305GyahooZ,Opened,27,39,712,0,Indian,Delhi
0311JjaincompanyN,Opened,18,310,273,2,Indian,Bombay
0314Ayahoo.,Opened,38,78,739,10,Indian,Delhi
0317VgmailS,Opened,6,240,647,1,Indian,Bangalore
0318VgmailS,Opened,69,152,664,3,Indian,Bombay
0323JjaincompanyN,Opened,72,266,945,6,Indian,Bombay
0324CyahooH,Sent,60,492,261,2,Indian,Bombay
0327BunknownA,Opened,21,75,475,7,Indian,Bombay
0328MunknownU,Opened,26,177,83,3,Indian,Delhi
0330CoutlookA,Opened,88,235,119,7,Indian,Delhi
0335PgmailI,Opened,77,178,337,3,Indian,Bangalore
0343DgmailA,Opened,21,268,157,4,Indian,Delhi
0347LyahooN,Sent,96,294,658,3,Indian,Bangalore
0348LuclaU,Sent,88,195,77,7,Indian,Delhi
0350FyahooR,Opened,96,418,508,9,Indian,Bombay
0352NmacH,Opened,90,110,439,1,Indian,Bombay
0353CgR,Opened,2,127,64,5,Indian,Bangalore
0361CgmailA,Opened,8,77,221,1,Indian,Bombay
0363SyahooA,Opened,14,357,144,8,Indian,Bombay
0364StumbibarH,Opened,52,71,54,1,Indian,Bombay
0365PmeA,Opened,27,235,217,10,Indian,Bombay
0369LgmailU,Sent,24,213,927,3,Indian,Bangalore
0372KgmailI,Opened,58,51,367,4,Indian,Bombay
0374BunknownI,Sent,9,63,860,7,Indian,Bangalore
0380LunknownE,Sent,60,165,973,4,Indian,Bangalore
0382CgmailL,Opened,42,199,454,3,Indian,Bangalore
0383SunknownA,Opened,70,5,625,0,Indian,Bombay
0384MgmailA,Opened,84,472,744,1,Indian,Chennai
0386VgmailR,Opened,0,74,346,3,Indian,Bombay
0388AgmailD,Opened,72,72,754,2,Indian,Bombay
0392ShotmailK,Opened,16,32,413,4,Indian,Bombay
0394CgmailN,Opened,72,281,841,3,Indian,Bombay
0396KgmailI,Opened,88,28,463,7,Indian,Bombay
0397XmainstreetadvisorsX,Opened,6,326,855,3,Indian,Bombay
0398CgsI,Opened,82,127,86,1,Indian,Bombay
0401BstanfordA,Opened,32,143,678,4,Indian,Chennai
0404BgmailD,Opened,49,291,20,7,Indian,Chennai
0406BoutlookI,Opened,97,448,718,4,Indian,Delhi
0408AgmailA,Opened,14,119,767,2,Indian,Bombay
0410RstanfordH,Opened,0,176,768,5,Indian,Bombay
0412MkarmanY,Opened,55,316,762,4,Indian,Bombay
0413VunknownA,Opened,58,28,913,6,Indian,Delhi
0417CgsE,Opened,85,442,181,2,Indian,Bombay
0418BunknownN,Sent,14,171,583,8,Indian,Bangalore
0422MgmailA,Opened,92,376,18,7,Indian,Bombay
0423MunknownA,Opened,58,15,140,5,Indian,Bombay
0428MunknownI,Opened,80,130,939,5,Indian,Delhi
0436DgmailN,Opened,96,365,386,7,Indian,Bombay
0437PkpmgR,Sent,93,289,525,7,Indian,Delhi
0440WkpmgR,Opened,67,78,470,1,Indian,Bombay
0443CunknownA,Undeliverable,5,367,681,4,Indian,Delhi
0444DunknownI,Sent,6,132,318,5,Indian,Bombay
0453SgmailH,Opened,38,84,634,6,Indian,Bombay
0455BsbcglobalR,Opened,41,320,124,6,Indian,Bombay
0456RgmailS,Opened,9,222,257,1,Indian,Delhi
0459RgmailA,Opened,91,209,914,8,Indian,Bangalore
0463MunknownR,Opened,14,332,841,3,Indian,Bombay
0468AgmailA,Opened,91,237,775,0,Indian,Delhi
0469CgmailA,Opened,94,366,622,8,Indian,Bangalore
0471DunknownR,Sent,21,444,440,2,Indian,Delhi
0472GunknownA,Sent,74,293,816,0,Indian,Bombay
0475SgmailF,Opened,29,35,954,8,Indian,Bangalore
0477SunknownN,Sent,12,214,603,3,Indian,Delhi
0478SgmailN,Opened,57,341,450,4,Indian,Delhi
0486SaolE,Opened,81,262,982,9,Indian,Bangalore
0490XunknownX,Sent,24,97,579,7,Indian,Bombay
0491XunknownX,Opened,81,455,436,8,Indian,Chennai
0494XgmailX,Opened,7,353,934,6,Indian,Delhi
0495XunknownX,Opened,24,37,867,10,Indian,Bangalore
0497MgmailK,Sent,82,286,228,6,Indian,Delhi
0501NunknownA,Opened,17,215,629,9,Indian,Bombay
0511SgmailU,Bounced,72,57,830,2,Indian,Bombay
0513XaolX,Bounced,3,93,492,6,Indian,Bombay
0516BgmailK,Sent,95,78,555,4,Indian,Bangalore
0519BgmailR,Sent,90,97,293,10,Indian,Bangalore
0522DgmailY,Opened,63,140,905,2,Indian,Delhi
0526KunknownR,Sent,85,238,143,6,Indian,Bombay
0530XunknownX,Sent,5,283,609,5,Indian,Delhi
0534XunknownX,Sent,41,147,855,10,Indian,Bombay
0536SgmailN,Opened,40,422,831,5,Indian,Bombay
0537RyahooI,Opened,52,418,225,6,Indian,Bombay
0539XunknownX,Opened,32,119,915,3,Indian,Bombay
0540KwestmonroeZ,Opened,10,384,263,2,Indian,Bombay
0545XunknownX,Sent,15,166,939,3,Indian,Bombay
0550CinjogroupN,Opened,75,383,835,4,Indian,Delhi
0551MlsvpY,Opened,95,27,94,2,Indian,Delhi
0554XgmailX,Opened,31,383,277,6,Indian,Delhi
0556YdorchestercollectionF,Opened,62,365,440,8,Indian,Bombay
0565UgmailM,Opened,33,179,946,3,Indian,Bombay
0567KgmailY,Opened,20,446,382,7,Indian,Delhi
0570EbamkoR,Bounced,84,412,155,9,Indian,Bombay
0572CyahooK,Opened,9,3,412,4,Indian,Bombay
0576JunknownN,Sent,62,446,31,5,Indian,Chennai
0579XaolX,Bounced,46,136,357,1,Indian,Delhi
0580CunknownS,Sent,17,437,22,5,Indian,Delhi
0581XgmailX,Sent,39,407,671,7,Indian,Delhi
0585CunknownL,Sent,82,266,640,5,Indian,Delhi
0586XgmailX,Opened,99,188,882,9,Indian,Bombay
0589GunknownI,Sent,46,99,965,6,Indian,Bombay
0597RjivalifeA,Opened,42,312,572,4,Indian,Bombay
0598RgmailA,Sent,20,62,898,1,Indian,Bombay
aaomaac,Sent,28,139,370,1,Indian,Bombay
aaduaak,Bounced,31,213,862,5,Indian,Bombay
aaomaal,Bounced,30,292,119,5,Indian,Delhi
acomacc,Opened,100,319,623,1,Indian,Delhi
acomach,Sent,40,329,677,9,Indian,Bombay
adomada,Unsubscribed,74,318,152,9,Indian,Bangalore
AFomAFe,Sent,97,319,724,9,Indian,Bombay
aiomai@,Bounced,42,291,922,1,Indian,Bombay
akomaka,Unsubscribed,37,99,405,5,Indian,Bombay
akomakc,Bounced,64,438,432,4,Indian,Delhi
AkomAkh,Bounced,24,66,509,2,Indian,Bangalore
akduaku,Unsubscribed,98,290,556,2,Indian,Bombay
alomal.,Opened,28,212,279,0,Indian,Bombay
alomali,Sent,72,260,560,0,Indian,Bombay
alomalp,Unsubscribed,57,302,315,9,Indian,Delhi
alomalp,Unsubscribed,44,254,129,3,Indian,Bombay
aletalq,Opened,57,108,225,2,Indian,Delhi
alomalv,Bounced,29,299,927,4,Indian,Delhi
alomaly,Opened,69,50,712,1,Indian,Bombay
amomama,Opened,16,471,516,7,Indian,Bombay
amomama,Sent,51,485,257,3,Indian,Delhi
amomama,Bounced,31,276,51,1,Indian,Bangalore
amomama,Sent,89,381,501,7,Indian,Bombay
amomamd,Sent,80,9,0,1,Indian,Bombay
amomame,Unsubscribed,49,407,169,3,Indian,Bombay
AmomAme,Sent,2,119,212,5,Indian,Bombay
amomami,Unsubscribed,30,63,684,7,Indian,Delhi
amomami,Opened,67,445,791,2,Indian,Bombay
amomami,Bounced,62,419,814,1,Indian,Bombay
amomami,Opened,49,482,77,4,Indian,Bombay
amomami,Sent,29,114,491,5,Indian,Delhi
AmomAmi,Opened,66,438,122,8,Indian,Chennai
amomami,Bounced,80,451,878,8,Indian,Delhi
amomami,Bounced,58,208,801,1,Indian,Bombay
ametamo,Unsubscribed,92,93,627,2,Indian,Bombay
AmomAmr,Unsubscribed,54,144,844,8,Indian,Bombay
amomams,Sent,83,154,469,6,Indian,Bombay
AmomAmy,Bounced,23,384,657,4,Indian,Bombay
anomand,Opened,45,203,916,4,Indian,Bombay
anomand,Sent,85,139,257,6,Indian,Delhi
anomand,Unsubscribed,64,482,33,4,Indian,Bombay
anomani,Sent,47,168,839,7,Indian,Delhi
anomanj,Bounced,72,59,516,1,Indian,Bombay
anomann,Opened,28,406,576,6,Indian,Bombay
anomant,Opened,86,178,768,1,Indian,Bombay
anomanu,Unsubscribed,36,379,208,6,Indian,Bombay
apomapa,Unsubscribed,9,128,203,7,Indian,Bombay
apomapa,Opened,37,85,855,9,Indian,Bombay
AromAri,Opened,95,13,261,6,Indian,Delhi
AromAri,Sent,58,437,316,8,Indian,Bangalore
aromarl,Opened,53,73,266,8,Indian,Delhi
AromArl,Opened,97,382,293,10,Indian,Bombay
aromart,Bounced,44,42,617,3,Indian,Bangalore
aromaru,Unsubscribed,52,476,13,6,Indian,Delhi
asomasa,Bounced,23,307,939,1,Indian,Chennai
asomash,Unsubscribed,2,249,430,5,Indian,Bombay
asomash,Unsubscribed,8,304,577,5,Indian,Bombay
asomash,Bounced,30,474,23,3,Indian,Delhi
avomava,Opened,3,140,911,6,Indian,Bombay
avomavi,Bounced,33,4,40,2,Indian,Bombay
baombac,Sent,71,351,647,3,Indian,Bombay
BaomBac,Sent,25,304,406,6,Indian,Bombay
baomban,Unsubscribed,10,447,325,7,Indian,Bombay
baombar,Unsubscribed,30,1,530,2,Indian,Delhi
bbombb@,Opened,69,192,740,6,Indian,Bombay
beombem,Sent,15,406,36,9,Indian,Bombay
beomben,Sent,80,162,964,6,Indian,Bombay
BeomBen,Sent,67,305,134,0,Indian,Bombay
beomben,Unsubscribed,22,165,945,1,Indian,Bombay
beetben,Sent,62,433,624,1,Indian,Bombay
beombev,Unsubscribed,98,99,131,1,Indian,Bombay
bhdubha,Bounced,73,10,776,1,Indian,Delhi
biombia,Bounced,90,263,626,7,Indian,Delhi
biombil,Sent,55,292,491,9,Indian,Bombay
biombin,Unsubscribed,78,373,766,6,Indian,Delhi
biombin,Unsubscribed,3,299,121,7,Indian,Delhi
blomblg,Sent,54,208,972,4,Indian,Delhi
bnombng,Opened,14,100,686,7,Indian,Bombay
boombob,Opened,94,89,952,9,Indian,Bangalore
boombol,Bounced,89,144,150,8,Indian,Bombay
boombom,Unsubscribed,50,172,119,5,Indian,Bombay
boetbou,Opened,33,411,43,9,Indian,Delhi
boombox,Bounced,46,129,171,3,Indian,Bombay
BromBra,Sent,63,291,202,2,Indian,Delhi
bretbre,Unsubscribed,11,59,169,7,Indian,Delhi
brombri,Sent,59,397,366,2,Indian,Delhi
brombri,Bounced,82,460,986,2,Indian,Bombay
bsombsh,Unsubscribed,62,260,65,5,Indian,Bombay
bsombsn,Unsubscribed,58,12,358,5,Indian,Bombay
buombu1,Bounced,62,309,498,8,Indian,Bombay
buombun,Bounced,72,399,666,3,Indian,Bombay
buombur,Opened,15,325,635,4,Indian,Bombay
calycar,Opened,21,215,223,4,Indian,Delhi
caomcas,Bounced,36,442,578,1,Indian,Bombay
ccrgcca,Opened,11,119,220,2,Indian,Delhi
ccomccs,Sent,17,260,282,9,Indian,Bombay
ceomce@,Bounced,65,16,683,8,Indian,Bombay
chomcha,Bounced,62,120,459,8,Indian,Bangalore
chomcho,Unsubscribed,24,273,533,7,Indian,Bombay
ChomChr,Bounced,95,468,616,9,Indian,Delhi
ChduChr,Sent,74,371,103,7,Indian,Bombay
chomchr,Unsubscribed,58,183,682,3,Indian,Delhi
chomchr,Bounced,28,469,958,6,Indian,Delhi
chetchu,Bounced,2,358,513,7,Indian,Bombay
ChomChu,Opened,9,142,472,4,Indian,Chennai
ciomcin,Sent,71,83,433,2,Indian,Delhi
cjomcjm,Bounced,62,350,913,9,Indian,Bombay
clomcli,Sent,83,213,641,6,Indian,Delhi
clomclo,Bounced,62,490,388,3,Indian,Bombay
coomcon,Unsubscribed,96,453,496,5,Indian,Bangalore
cromcra,Sent,1,69,399,7,Indian,Delhi
cromcry,Opened,18,313,234,6,Indian,Delhi
cuomcur,Opened,94,404,899,6,Indian,Bombay
cuomcus,Opened,80,90,359,4,Indian,Bombay
DaduDan,Opened,1,33,306,6,Indian,Delhi
daomdan,Bounced,22,371,347,3,Indian,Delhi
daomdan,Opened,14,146,317,7,Indian,Delhi
daomdan,Bounced,24,433,582,5,Indian,Bombay
daomdaq,Sent,87,315,304,2,Indian,Bombay
daomdav,Sent,53,162,883,1,Indian,Bombay
daomdav,Opened,33,233,513,3,Indian,Bombay
daomdav,Unsubscribed,4,80,422,2,Indian,Delhi
dbomdbr,Sent,9,58,478,9,Indian,Delhi
ddomdda,Sent,41,99,599,9,Indian,Bombay
ddomdds,Bounced,44,11,95,9,Indian,Bombay
deomdeb,Unsubscribed,67,391,672,4,Indian,Bombay
deomdee,Bounced,26,465,890,4,Indian,Bombay
DeomDen,Unsubscribed,91,139,25,9,Indian,Bombay
deomdes,Unsubscribed,14,418,996,2,Indian,Bombay
deomdev,Sent,54,58,260,1,Indian,Bombay
dhrgdhn,Opened,54,48,610,6,Indian,Bombay
diomdiv,Sent,25,332,987,5,Indian,Bombay
diomdiy,Opened,74,314,467,9,Indian,Bangalore
djomdjp,Bounced,17,15,46,6,Indian,Delhi
djomdjr,Opened,80,377,197,4,Indian,Bombay
doomdon,Sent,22,65,300,4,Indian,Chennai
doomdon,Sent,8,359,787,3,Indian,Bombay
dromdrb,Bounced,93,464,759,2,Indian,Bombay
dromdre,Opened,18,194,579,10,Indian,Delhi
dromdre,Unsubscribed,42,353,170,10,Indian,Bombay
duomdul,Opened,20,261,55,9,Indian,Bombay
dwomdwi,Opened,45,418,504,2,Indian,Bombay
edomed.,Sent,69,429,289,6,Indian,Chennai
EdomEdd,Opened,8,475,977,4,Indian,Bombay
egomego,Unsubscribed,42,189,918,1,Indian,Delhi
ehomehs,Bounced,20,353,454,2,Indian,Bombay
eiomeig,Opened,66,288,32,8,Indian,Delhi
ekomeki,Opened,79,256,419,8,Indian,Bombay
elduela,Unsubscribed,2,288,652,1,Indian,Bombay
emomema,Bounced,86,150,777,2,Indian,Bombay
emomema,Opened,23,343,642,8,Indian,Bangalore
erdueri,Bounced,70,481,176,5,Indian,Delhi
eromeri,Unsubscribed,95,446,184,7,Indian,Bombay
evomevo,Sent,69,209,13,10,Indian,Bombay
exomexp,Opened,97,125,593,1,Indian,Delhi
faomfab,Opened,60,16,220,0,Indian,Delhi
faomfar,Opened,57,402,324,5,Indian,Bombay
faomfar,Opened,73,64,63,1,Indian,Bombay
fjdufja,Bounced,91,95,701,9,Indian,Bombay
fpomfpp,Opened,76,425,902,6,Indian,Delhi
fromfre,Sent,7,246,183,6,Indian,Bombay
gaomgag,Opened,36,363,127,5,Indian,Delhi
gaomgau,Opened,99,34,212,0,Indian,Bangalore
gbomgbc,Bounced,50,47,637,3,Indian,Delhi
geomgeo,Sent,2,384,126,2,Indian,Bangalore
giomgig,Opened,21,287,967,6,Indian,Bombay
giomgis,Sent,92,194,964,9,Indian,Bombay
glomgli,Unsubscribed,93,377,569,9,Indian,Bombay
gmomgmc,Opened,86,374,619,9,Indian,Bombay
goomgoo,Sent,67,126,337,9,Indian,Bangalore
gromgre,Bounced,89,320,383,2,Indian,Delhi
gromgre,Sent,16,46,489,7,Indian,Delhi
gsomgsp,Unsubscribed,44,309,257,1,Indian,Delhi
guomguk,Opened,15,375,388,4,Indian,Bombay
GuomGun,Unsubscribed,18,279,616,2,Indian,Bombay
gwomgwo,Opened,75,157,393,7,Indian,Bombay
gwomgwr,Bounced,27,420,393,7,Indian,Bombay
harghar,Unsubscribed,41,378,859,3,Indian,Bombay
haomhar,Bounced,45,389,9,3,Indian,Bombay
haomhar,Opened,70,466,329,5,Indian,Bombay
hbomhba,Bounced,80,228,476,4,Indian,Bombay
hcomhch,Sent,45,334,415,4,Indian,Delhi
hdomhdh,Sent,28,351,64,5,Indian,Bombay
heomhem,Opened,75,47,753,9,Indian,Delhi
heomher,Sent,84,24,615,7,Indian,Delhi
heomhey,Opened,11,29,875,3,Indian,Bombay
hiomhir,Bounced,90,155,836,10,Indian,Bombay
horghou,Opened,72,79,321,0,Indian,Bombay
HSomHSc,Unsubscribed,78,352,382,8,Indian,Bombay
icduich,Sent,88,331,113,4,Indian,Bangalore
ihduihu,Opened,42,442,3,3,Indian,Bombay
inomind,Unsubscribed,76,287,517,9,Indian,Bombay
inrginf,Opened,69,169,774,4,Indian,Bombay
inominf,Sent,75,483,339,8,Indian,Bombay
inominf,Sent,88,90,374,8,Indian,Bombay
inominf,Unsubscribed,5,68,677,6,Indian,Bombay
inominf,Bounced,29,47,169,8,Indian,Delhi
j6omj6t,Unsubscribed,52,432,370,4,Indian,Bombay
jaomjam,Opened,6,417,804,9,Indian,Bombay
JaomJas,Sent,39,34,187,3,Indian,Bangalore
jaomjay,Sent,60,50,640,5,Indian,Bombay
jaomjay,Sent,20,428,225,2,Indian,Bombay
jaomjay,Opened,58,9,497,4,Indian,Bombay
jeomjed,Unsubscribed,18,478,215,1,Indian,Delhi
jeomjen,Sent,93,261,932,3,Indian,Bombay
jeomjen,Bounced,8,155,900,10,Indian,Delhi
JeomJen,Opened,51,292,171,2,Indian,Bangalore
jeomjes,Opened,29,360,268,9,Indian,Bombay
jgomjga,Opened,21,238,114,4,Indian,Delhi
jhomjho,Sent,94,65,301,8,Indian,Delhi
jJomjJi,Unsubscribed,14,432,69,6,Indian,Delhi
jletjle,Opened,58,0,359,8,Indian,Delhi
joomjob,Opened,54,477,355,0,Indian,Chennai
joomjob,Sent,66,44,490,6,Indian,Bangalore
joomjoe,Opened,1,309,9,3,Indian,Bangalore
joomjoh,Unsubscribed,2,446,104,0,Indian,Delhi
joomjoh,Unsubscribed,68,283,12,9,Indian,Delhi
joomjoh,Sent,86,172,126,1,Indian,Bombay
joomjoh,Unsubscribed,92,75,679,8,Indian,Bombay
jodujor,Bounced,68,284,868,1,Indian,Bombay
joomjos,Bounced,45,25,331,2,Indian,Bangalore
JuomJus,Opened,67,436,670,7,Indian,Delhi
jwomjw@,Sent,74,100,993,4,Indian,Bombay
kaomkaj,Unsubscribed,27,87,298,4,Indian,Delhi
kaomkak,Bounced,44,403,544,1,Indian,Delhi
kainkar,Unsubscribed,30,426,939,7,Indian,Bombay
kaomkat,Sent,18,37,856,4,Indian,Bombay
kaomkat,Sent,52,120,99,5,Indian,Delhi
kbomkbe,Bounced,65,483,541,5,Indian,Delhi
kbomkbh,Sent,44,65,688,7,Indian,Bombay
kcomkca,Opened,19,78,29,3,Indian,Bombay
keomken,Sent,54,173,508,1,Indian,Bombay
keomken,Sent,45,225,720,9,Indian,Delhi
kiomkim,Sent,38,127,576,7,Indian,Bangalore
kiomkir,Opened,3,185,788,1,Indian,Chennai
KkomKkj,Opened,40,334,976,1,Indian,Chennai
kmomkma,Opened,21,211,678,5,Indian,Delhi
kmetkmo,Opened,57,19,57,5,Indian,Delhi
kpdukpf,Opened,27,225,512,1,Indian,Bombay
kromkri,Opened,77,485,563,10,Indian,Delhi
kromkri,Opened,96,460,577,4,Indian,Bangalore
ktomkte,Opened,12,18,561,8,Indian,Delhi
kucckul,Opened,15,238,751,5,Indian,Delhi
kuomkum,Unsubscribed,9,380,518,0,Indian,Chennai
kuomkun,Unsubscribed,2,465,876,9,Indian,Chennai
kuomkun,Sent,58,66,720,7,Indian,Bombay
kuomkun,Sent,19,459,714,1,Indian,Bangalore
kuomkun,Unsubscribed,81,135,473,3,Indian,Bombay
laomlal,Bounced,95,78,915,0,Indian,Bombay
laomlal,Sent,52,181,709,0,Indian,Bombay
laomlar,Unsubscribed,10,59,809,5,Indian,Bombay
laomlau,Unsubscribed,65,424,283,1,Indian,Bombay
laomlau,Sent,53,183,200,0,Indian,Bangalore
laomlav,Sent,99,257,320,8,Indian,Bombay
LacaLaw,Unsubscribed,44,113,713,4,Indian,Delhi
leomlek,Opened,41,133,298,8,Indian,Bombay
leomlem,Unsubscribed,79,84,409,4,Indian,Bombay
lsomlsh,Sent,7,222,893,2,Indian,Bangalore
neomnei,Unsubscribed,56,25,940,0,Indian,Bombay
ReomRey,Unsubscribed,67,362,130,0,Indian,Bombay
rsomrsc,Bounced,30,138,717,6,Indian,Bombay
ruomrub,Opened,64,43,300,2,Indian,Delhi
ruomrun,Sent,52,494,140,7,Indian,Delhi
soomsoc,Bounced,33,381,946,9,Indian,Delhi
soomsoc,Unsubscribed,53,457,876,8,Indian,Bangalore
suomsuo,Opened,95,406,281,5,Indian,Bombay
suomsup,Opened,46,157,709,4,Indian,Bombay
suomsup,Unsubscribed,51,4,780,7,Indian,Delhi
0001KgmailA,Sent,23,225,471,0,US,San Francisco
0002CstokaglobalY,Opened,34,461,77,8,US,Los Angeles
0004AgmailI,Opened,3,329,42,7,US,Other
0008CaolN,Sent,64,256,410,1,US,San Francisco
0009MgmailL,Sent,100,357,69,5,US,San Francisco
0013PgmailI,Opened,85,296,207,5,US,Los Angeles
0015KgmailI,Sent,13,253,874,6,US,San Francisco
0016KgmailI,Opened,82,262,960,0,US,Los Angeles
0017KgmailI,Opened,19,499,799,2,US,New York
0019Tstanford),Sent,93,302,907,2,US,Los Angeles
0022AcoinbaseN,Opened,70,319,504,4,US,Los Angeles
0023KuberR,Opened,52,266,154,5,US,Los Angeles
0026TmckinseyR,Opened,87,300,205,1,US,New York
0027KgmailE,Opened,95,24,771,5,US,New York
0030SequinoxN,Opened,14,158,755,1,US,Los Angeles
0034RgmailL,Opened,96,62,517,4,US,Los Angeles
0036SgmailA,Opened,17,141,19,4,US,San Francisco
0040MgmailH,Opened,30,399,962,4,US,New York
0041FwallstreetprepN,Opened,29,218,318,10,US,Los Angeles
0042RwallstreetprepN,Opened,40,422,823,3,US,New York
0043MwallstreetprepR,Opened,100,438,450,6,US,San Francisco
0046LwallstreetprepM,Opened,95,17,397,7,US,Los Angeles
0047MwallstreetprepR,Opened,77,297,827,4,US,Los Angeles
0052KsupportO,Opened,82,24,868,5,US,Los Angeles
0053SsupportI,Sent,44,322,120,6,US,Los Angeles
0054PgatewayI,Opened,3,36,694,1,US,San Francisco
0056MdlapiperO,Opened,80,413,37,2,US,Los Angeles
0058TuberI,Opened,97,323,375,10,US,New York
0059BgmailA,Sent,91,383,854,7,US,Los Angeles
0060SgmailM,Opened,10,168,604,5,US,San Francisco
0066CgmailH,Sent,58,344,64,1,US,Los Angeles
0068BmovingcapitalS,Sent,59,258,906,9,US,San Francisco
0070KindustriousofficeM,Opened,11,25,717,8,US,Los Angeles
0071TindustriousofficeE,Opened,15,142,928,5,US,San Francisco
0073IindustriousofficeS,Opened,55,306,805,7,US,San Francisco
0076RgmailI,Opened,12,159,924,1,US,San Francisco
0077BgmailR,Opened,85,400,165,2,US,Los Angeles
0078SgmailA,Opened,25,12,659,5,US,San Francisco
0079HactionlifeN,Opened,91,271,419,2,US,San Francisco
0080OgmailV,Opened,6,437,645,6,US,Los Angeles
0081Kvictory-hqA,Opened,82,494,503,10,US,Los Angeles
0083AgmailI,Opened,2,82,837,10,US,New York
0084PstanfordM,Sent,83,364,658,8,US,New York
0085KstanfordR,Opened,25,135,289,4,US,Los Angeles
0086PlionsgateF,Opened,18,392,728,8,US,Los Angeles
0090MlewitthackmanR,Opened,62,309,786,8,US,Los Angeles
0091SmckinseyE,Opened,52,16,947,1,US,Los Angeles
0092GgmailI,Opened,80,182,393,4,US,Los Angeles
0093GgmailI,Opened,92,226,785,7,US,New York
0097FgmailT,Opened,31,373,122,2,US,New York
0098DbiotrillionI,Opened,4,125,410,8,US,San Francisco
0099DgmailI,Sent,18,392,216,5,US,San Francisco
0100TmorganstanleyL,Sent,8,162,545,5,US,Los Angeles
0101AgmailH,Opened,81,123,157,6,US,Los Angeles
0104KbridgelawllpI,Opened,52,382,135,4,US,San Francisco
0109KgmailE,Sent,17,362,483,7,US,San Francisco
0110BmarshallI,Opened,13,446,579,5,US,Los Angeles
0111AsfbenzN,Sent,75,444,627,6,US,Los Angeles
0112DgmailI,Sent,16,242,515,9,US,San Francisco
0115GgmailI,Opened,35,458,984,3,US,Los Angeles
0117PsirfcoffeeA,Opened,71,414,231,3,US,Los Angeles
0119OunknownI,Opened,29,209,967,7,US,Other
0120MaolA,Opened,6,333,826,8,US,San Francisco
0121JjaincompanyN,Opened,88,70,702,2,US,San Francisco
0122XsracpasX,Opened,98,388,901,2,US,San Francisco
0124JjaincompanyN,Opened,42,389,92,3,US,San Francisco
0125CadobeO,Sent,80,78,80,3,US,New York
0126BgmailD,Opened,48,274,561,7,US,Other
0127SgmailH,Opened,51,227,777,2,US,Los Angeles
0128SgmailU,Opened,16,270,534,1,US,Los Angeles
0129SgmailU,Opened,63,405,624,5,US,San Francisco
0130FpangramentK,Opened,89,379,766,5,US,Other
0135SgmailH,Opened,50,349,278,7,US,Los Angeles
0137SyahooN,Opened,7,345,286,5,US,San Francisco
0138JgmailN,Opened,93,367,714,2,US,Los Angeles
0139RgmailH,Opened,80,90,987,0,US,Los Angeles
0140TgmailR,Opened,28,332,545,2,US,San Francisco
0141TthakurlawfirmM,Opened,1,379,855,4,US,Los Angeles
0142PgmailL,Opened,40,351,200,1,US,Los Angeles
0143PgmailL,Opened,10,173,299,1,US,Los Angeles
0151TgmailA,Opened,13,2,487,8,US,Los Angeles
0155KgmailI,Sent,42,273,310,2,US,Los Angeles
0160TgmailR,Opened,64,35,637,1,US,Los Angeles
0161CtdsecuritiesN,Opened,47,268,98,1,US,San Francisco
0162PgmailA,Sent,24,12,665,4,US,Los Angeles
0163PiracapitalL,Sent,72,152,248,7,US,San Francisco
0164GyahooI,Sent,6,496,668,3,US,San Francisco
0165PmgbA,Opened,25,402,328,0,US,Los Angeles
0166WgmailE,Opened,10,104,244,6,US,Los Angeles
0169DdeloitteI,Opened,70,309,760,8,US,Los Angeles
0170MdeloitteR,Opened,5,448,468,0,US,Los Angeles
0171AgmailI,Sent,53,10,595,4,US,Other
0174UicloudM,Opened,36,9,69,6,US,Los Angeles
0175ByahooA,Opened,76,218,450,10,US,Los Angeles
0178GdhvpR,Opened,48,14,845,5,US,New York
0180AicloudN,Opened,50,185,814,4,US,Los Angeles
0182SgmailI,Opened,46,286,257,8,US,New York
0183JgmailN,Opened,94,292,598,0,US,Los Angeles
0185LgmailE,Opened,5,287,64,3,US,San Francisco
0186XfarmersagencyX,Opened,5,312,780,1,US,New York
0190AbarclaysD,Sent,82,228,704,1,US,Los Angeles
0192SaccelA,Opened,99,238,570,9,US,Los Angeles
0193FselbyjenningsA,Opened,98,258,204,1,US,San Francisco
0195GgmailR,Opened,90,210,605,2,US,San Francisco
0196AaolY,Sent,92,454,879,6,US,New York
0199GohcalL,Opened,14,37,452,4,US,Los Angeles
0200DstanfordO,Opened,47,297,904,6,US,Los Angeles
0202AgmailA,Opened,14,144,17,3,US,Los Angeles
0204AgmailN,Opened,26,147,979,6,US,San Francisco
0206PgmailA,Opened,84,257,648,7,US,Los Angeles
0208WgmailO,Opened,10,395,324,9,US,Los Angeles
0210XunknownX,Sent,67,266,330,3,US,San Francisco
0212KgmailE,Opened,28,245,475,8,US,San Francisco
0214JgroupmR,Opened,6,177,783,9,US,Los Angeles
0215MgmailY,Opened,15,194,739,0,US,San Francisco
0216XbarrysX,Opened,74,277,122,8,US,Los Angeles
0217(unknown),Opened,42,15,294,6,US,Los Angeles
0220DgmailA,Opened,14,499,402,1,US,New York
0221SjassisidhuU,Opened,39,219,784,6,US,Los Angeles
0227JgmailA,Opened,78,92,124,6,US,New York
0231JgmailA,Responded,76,295,218,7,US,Los Angeles
0233CyahooA,Sent,24,66,495,4,US,San Francisco
0235MgmailI,Opened,4,295,928,5,US,Los Angeles
0237ByahooI,Sent,40,118,460,6,US,Los Angeles
0238SpeopleinteractiveN,Opened,5,417,710,9,US,San Francisco
0239ApeopleinteractiveA,Opened,11,481,431,9,US,New York
0242RdcifactsW,Opened,62,70,83,10,US,San Francisco
0244CcarlyleS,Sent,38,65,652,0,US,Los Angeles
0245ScarlyleS,Opened,89,190,896,8,US,Los Angeles
0247ScarlyleH,Opened,17,128,617,5,US,Los Angeles
0248FgmailH,Opened,42,300,822,5,US,New York
0249SstanfordC,Opened,83,386,53,4,US,San Francisco
0251KstanfordK,Opened,97,8,403,8,US,Los Angeles
0253SfathomlawN,Sent,55,11,537,5,US,Los Angeles
0254YstoneturnU,Sent,51,229,45,1,US,Other
0255HunitedS,Opened,76,166,857,1,US,Los Angeles
0256CgmailU,Opened,80,146,848,7,US,Los Angeles
0259DgmailS,Opened,59,469,291,9,US,Los Angeles
0261VgmailA,Opened,83,305,562,7,US,Los Angeles
0263PgmailI,Responded,37,373,918,4,US,Other
0264CequinoxK,Responded,91,171,960,1,US,Other
0269DgmailN,Opened,35,471,348,3,US,San Francisco
0271MunshackledvcA,Opened,77,115,513,3,US,Los Angeles
0273XfinsimcoX,Sent,61,123,1000,8,US,Los Angeles
0274DanaN,Opened,78,455,424,9,US,Los Angeles
0276SirisT,Unsubscribed,17,145,426,5,US,San Francisco
0277KbainI,Opened,18,277,266,10,US,New York
0278RdoordashR,Opened,33,357,226,3,US,Los Angeles
0279AgmailN,Opened,39,101,758,9,US,San Francisco
0280KmarshallY,Sent,4,427,876,0,US,Los Angeles
0281MsmartmortgageteamI,Opened,53,155,86,1,US,Los Angeles
0283KgmailL,Opened,4,256,174,8,US,Other
0284AoutlookL,Opened,4,213,524,3,US,San Francisco
0285GgmailA,Opened,81,96,420,3,US,Los Angeles
0286TbhbenzL,Sent,47,166,968,5,US,New York
0290Ca16zN,Sent,69,118,724,1,US,Los Angeles
0293TdisneyG,Opened,44,224,306,8,US,Los Angeles
0294PdeloitteN,Responded,74,464,11,5,US,New York
0295GchughN,Opened,89,451,895,6,US,Los Angeles
0296MchughY,Opened,66,132,443,3,US,Los Angeles
0297AchughL,Opened,58,356,647,2,US,San Francisco
0300MgsL,Opened,40,315,224,0,US,Los Angeles
0301XnyX,Opened,49,172,750,3,US,San Francisco
0302KgmailI,Sent,87,323,450,4,US,New York
0304DyahooN,Opened,78,151,391,3,US,San Francisco
0306GgmailL,Opened,27,122,75,8,US,New York
0308JjainlawofficesN,Sent,58,489,299,1,US,New York
0309JgmailN,Opened,16,31,643,8,US,Los Angeles
0310JgmailN,Opened,39,368,424,8,US,Los Angeles
0312VgmailA,Opened,84,65,243,3,US,Los Angeles
0313JgmailN,Opened,3,68,950,7,US,Los Angeles
0316BocielectronicsA,Opened,24,394,254,3,US,New York
0320GgmailA,Opened,55,17,162,5,US,Los Angeles
0321CeastwindgpY,Opened,5,317,905,7,US,San Francisco
0322JunknownN,Sent,87,272,340,9,US,Los Angeles
0325UunknownE,Sent,76,353,350,8,US,San Francisco
0329KkishoresE,Sent,19,387,643,1,US,San Francisco
0331Lmdc-partnersR,Sent,21,409,63,8,US,Los Angeles
0334ZgmailA,Opened,77,225,16,8,US,Los Angeles
0336AgmailI,Opened,76,138,683,5,US,San Francisco
0337PgmailI,Responded,17,60,977,2,US,Los Angeles
0338HgmailA,Opened,93,180,44,1,US,New York
0339SgmailH,Sent,7,272,702,5,US,Los Angeles
0340SgmailH,Opened,40,126,878,5,US,Los Angeles
0341FkadakiaY,Opened,72,211,972,3,US,San Francisco
0342CgmailZ,Opened,19,166,636,4,US,Los Angeles
0344HgmailY,Opened,36,36,901,2,US,Los Angeles
0345PgmailI,Opened,35,461,781,7,US,San Francisco
0346PgmailI,Opened,18,332,600,3,US,New York
0349PuclaextensionP,Sent,27,58,523,8,US,Los Angeles
0351JgmailA,Opened,72,280,753,8,US,San Francisco
0355MlululemonS,Opened,1,249,248,1,US,San Francisco
0356HgmailN,Opened,61,40,389,9,US,Los Angeles
0357VgmailK,Opened,95,3,297,9,US,Los Angeles
0358SgmailH,Opened,29,438,275,4,US,San Francisco
0360TgmailR,Opened,56,252,924,5,US,Los Angeles
0362GunexZ,Sent,67,159,783,2,US,Los Angeles
0367MgmailR,Opened,57,213,384,6,US,San Francisco
0368AgmailA,Opened,28,469,348,9,US,San Francisco
0370SgmailH,Opened,14,295,730,2,US,Los Angeles
0373SwayaheadtechnologyA,Opened,61,141,825,5,US,Los Angeles
0375WunknownE,Opened,67,277,993,5,US,New York
0376XcorporatemarriagebureauX,Opened,19,46,747,10,US,New York
0377YgmailG,Opened,18,293,567,9,US,New York
0379FmacaccessR,Opened,76,298,99,1,US,Los Angeles
0385DgmailI,Sent,91,489,960,7,US,New York
0387BgmailN,Opened,87,246,425,6,US,San Francisco
0389XgmailX,Opened,11,154,311,4,US,Los Angeles
0390KgmailJ,Opened,49,319,311,6,US,New York
0391CgmailG,Opened,15,54,734,4,US,San Francisco
0393WwestmonroeG,Opened,51,56,496,4,US,Los Angeles
0399BgmailS,Opened,32,390,185,4,US,Los Angeles
0402XattX,Opened,72,268,165,8,US,Los Angeles
0405KturoH,Opened,51,381,800,1,US,Los Angeles
0407XgmailX,Opened,47,383,755,2,US,San Francisco
0409DgmailS,Opened,27,5,406,4,US,Los Angeles
0411CmckinseyZ,Opened,47,440,115,6,US,New York
0415PunknownL,Sent,94,331,124,2,US,Los Angeles
0416BgmailJ,Sent,18,99,286,8,US,San Francisco
0419CpeetsE,Opened,24,22,129,7,US,Los Angeles
0420SconciergedentalspaA,Opened,67,103,477,7,US,San Francisco
0421MeyE,Opened,67,421,478,6,US,Los Angeles
0424RunknownY,Opened,35,401,524,10,US,Los Angeles
0427DbvpA,Opened,95,459,463,8,US,Los Angeles
0429WgmailN,Opened,51,0,345,10,US,Other
0430IunknownR,Sent,79,260,425,10,US,San Francisco
0431ByahooJ,Opened,43,260,422,3,US,Los Angeles
0432KaolA,Opened,91,84,393,1,US,San Francisco
0433HgmailH,Opened,25,43,976,5,US,San Francisco
0434JgmailN,Opened,12,353,515,1,US,Los Angeles
0435RunknownI,Sent,55,335,426,5,US,Los Angeles
0438CunknownA,Opened,13,151,663,2,US,Los Angeles
0439YkpmgR,Sent,47,127,269,1,US,Los Angeles
0441CkpmgK,Responded,37,349,8,9,US,Los Angeles
0442KunknownI,Responded,2,53,177,9,US,Los Angeles
0445KcorefamilyofficeR,Opened,3,330,907,3,US,Los Angeles
0446ScorefamilyofficeI,Opened,94,200,344,10,US,Los Angeles
0448AalvarezandmarsalZ,Opened,68,31,348,7,US,San Francisco
0450WmckinseyY,Sent,10,409,973,9,US,Los Angeles
0451SkuverapartnersR,Opened,24,22,375,7,US,Los Angeles
0452GgmailA,Opened,63,436,139,4,US,San Francisco
0454XfameX,Sent,24,77,271,5,US,Los Angeles
0457WliveD,Sent,25,140,289,5,US,Other
0458CgmailE,Opened,75,392,551,9,US,Los Angeles
0460GgmailI,Opened,8,364,193,3,US,San Francisco
0461CunknownS,Sent,95,154,351,9,US,San Francisco
0464FunknownN,Sent,18,421,167,7,US,Los Angeles
0465CnbcuniG,Bounced,12,347,146,8,US,New York
0470WgmailU,Opened,58,477,195,6,US,Los Angeles
0473ZunknownG,Opened,71,78,494,4,US,San Francisco
0474XaolX,Opened,68,448,320,3,US,San Francisco
0476XunknownX,Sent,77,66,504,2,US,New York
0481KyahooA,Sent,82,217,283,9,US,San Francisco
0483JunknownI,Sent,29,415,251,6,US,Other
0484BunknownR,Sending Failed,12,460,312,7,US,Los Angeles
0492CunknownY,Sent,63,110,227,10,US,Los Angeles
0496XunknownX,Opened,1,25,60,3,US,San Francisco
0498MunknownL,Undeliverable,77,52,488,3,US,San Francisco
0499MgmailA,Opened,92,289,923,2,US,Los Angeles
0503XunknownX,Opened,44,134,902,1,US,Los Angeles
0504BsbcglobalY,Opened,15,475,174,5,US,Los Angeles
0505FunknownO,Opened,78,454,499,2,US,Los Angeles
0506CmarqueelasvegasS,Sent,26,81,632,7,US,San Francisco
0507ChotmailR,Sent,64,227,126,7,US,Los Angeles
0508MgmailA,Opened,21,2,988,6,US,New York
0510SgmailA,Opened,47,337,71,2,US,Los Angeles
0512XunknownX,Sent,83,366,494,4,US,Los Angeles
0514NunknownH,Sent,61,454,865,5,US,San Francisco
0515CunknownA,Sent,27,470,811,4,US,Los Angeles
0517SunknownU,Sent,7,479,725,9,US,San Francisco
0518BunknownA,Opened,61,149,896,2,US,Los Angeles
0521WunknownA,Opened,54,354,338,9,US,San Francisco
0523GgmailA,Opened,66,324,365,3,US,Los Angeles
0524XunknownX,Sent,4,299,127,4,US,Los Angeles
0525PgmailH,Opened,100,396,994,9,US,Other
0527MunknownY,Opened,25,454,710,8,US,Los Angeles
0528XunknownX,Opened,72,333,728,1,US,San Francisco
0532RgmailI,Opened,2,278,869,7,US,San Francisco
0538GunknownL,Opened,68,347,877,7,US,Los Angeles
0541BgmailN,Opened,10,232,427,6,US,San Francisco
0544VgmailJ,Sent,20,201,113,1,US,Los Angeles
0546AyahooS,Opened,60,196,265,10,US,Other
0547RaxisxyN,Bounced,55,77,177,3,US,Los Angeles
0548SlsvpN,Bounced,63,144,847,7,US,San Francisco
0552XthreedayruleX,Opened,35,258,402,7,US,San Francisco
0553XgmailX,Opened,61,288,489,1,US,New York
0557WgmailA,Opened,63,1,953,5,US,Los Angeles
0558DyahooD,Opened,70,294,425,0,US,Los Angeles
0559AunknownH,Opened,56,499,854,0,US,San Francisco
0560FgmailY,Opened,19,486,210,0,US,Other
0561VverizonE,Opened,93,146,605,5,US,Los Angeles
0562KunknownI,Opened,47,120,759,9,US,New York
0563SunknownN,Sent,76,214,798,7,US,San Francisco
0564RgmailN,Opened,39,352,938,3,US,New York
0566TyahooR,Opened,10,72,28,0,US,San Francisco
0568AgmailA,Sent,69,210,841,9,US,San Francisco
0569KgmailR,Opened,63,230,815,4,US,San Francisco
0571XgmailX,Sent,97,426,836,4,US,New York
0573XaolX,Bounced,4,224,442,0,US,Los Angeles
0574AunknownH,Opened,22,351,867,2,US,Los Angeles
0575JunknownI,Opened,95,110,864,10,US,San Francisco
0577BgmailK,Opened,33,94,449,6,US,Other
0578AunknownI,Opened,32,222,153,8,US,San Francisco
0582JunknownN,Sent,87,12,935,5,US,New York
0587CyahooO,Bounced,76,220,672,3,US,Los Angeles
0588FunknownT,Opened,48,315,183,1,US,San Francisco
0590LunknownA,Opened,55,423,56,2,US,New York
0591MunknownS,Sent,7,439,553,1,US,Los Angeles
0594MunknownA,Opened,32,460,650,7,US,San Francisco
0595MnoburestaurantsA,Opened,55,146,608,2,US,New York
0596RaspirisgroupA,Opened,12,110,845,3,US,Other
0600TuclaB,Sent,52,375,741,9,US,New York
1aom1aj,Opened,62,381,759,1,US,San Francisco
2jom2jo,Opened,42,473,267,6,US,San Francisco
65rg656,Opened,91,468,268,2,US,Los Angeles
aaomaag,Opened,69,125,251,1,US,San Francisco
aaduaak,Bounced,88,20,285,6,US,Los Angeles
aaduaan,Unsubscribed,87,473,518,1,US,San Francisco
abomaba,Opened,24,450,501,2,US,San Francisco
abomabi,Unsubscribed,98,9,672,1,US,New York
AdomAda,Opened,54,418,555,5,US,San Francisco
adomada,Unsubscribed,69,430,143,3,US,Los Angeles
adomadd,Sent,4,111,370,2,US,Los Angeles
adomadh,Sent,26,358,634,7,US,Los Angeles
adomadv,Unsubscribed,65,87,913,3,US,Los Angeles
adomadv,Unsubscribed,38,117,366,8,US,San Francisco
agomagg,Sent,61,301,742,5,US,San Francisco
aiomaiy,Opened,31,427,622,5,US,San Francisco
ajomaja,Unsubscribed,22,226,391,10,US,Los Angeles
ajomaji,Bounced,89,447,708,7,US,Los Angeles
akomak7,Opened,52,165,634,3,US,New York
akomaka,Sent,17,42,643,9,US,San Francisco
akomaki,Unsubscribed,10,2,412,0,US,San Francisco
akomakl,Sent,44,195,805,2,US,New York
akomakm,Bounced,37,95,310,6,US,Los Angeles
alomala,Sent,56,174,244,7,US,Los Angeles
aletala,Sent,33,31,474,4,US,New York
alomala,Sent,4,475,301,3,US,New York
alomale,Sent,29,66,122,8,US,Los Angeles
alomale,Unsubscribed,87,323,623,1,US,Los Angeles
alomali,Unsubscribed,59,428,397,2,US,Los Angeles
alomali,Bounced,85,460,140,2,US,San Francisco
alomalk,Sent,14,441,718,7,US,New York
alomalp,Unsubscribed,59,381,640,6,US,San Francisco
alomaly,Unsubscribed,96,381,328,9,US,San Francisco
amomama,Opened,45,463,272,7,US,San Francisco
amomama,Sent,62,298,807,5,US,Los Angeles
amomamc,Unsubscribed,23,482,655,8,US,New York
AmomAme,Unsubscribed,28,110,999,6,US,Los Angeles
AmomAme,Sent,65,313,162,2,US,Los Angeles
amomami,Bounced,40,346,289,10,US,Los Angeles
amomami,Opened,17,449,139,7,US,San Francisco
amomami,Bounced,0,377,86,4,US,Los Angeles
amomami,Bounced,90,4,530,8,US,Los Angeles
amomami,Opened,22,61,817,4,US,Los Angeles
amduami,Opened,0,498,858,4,US,New York
amomami,Opened,50,408,31,7,US,Los Angeles
amomami,Opened,2,132,549,6,US,San Francisco
amomaml,Sent,11,361,762,0,US,Other
amduamo,Unsubscribed,55,136,170,4,US,San Francisco
amomamr,Opened,53,366,661,4,US,Los Angeles
amomamt,Sent,8,447,742,3,US,San Francisco
amomamy,Sent,66,165,697,7,US,Los Angeles
anrgana,Unsubscribed,1,459,207,1,US,Los Angeles
anrgana,Unsubscribed,12,321,240,5,US,San Francisco
anomanc,Bounced,32,53,555,5,US,Los Angeles
AnomAnd,Sent,31,350,981,1,US,San Francisco
anduand,Sent,83,398,932,8,US,New York
anomand,Bounced,19,69,812,2,US,San Francisco
anomang,Bounced,42,173,612,0,US,Los Angeles
anomani,Bounced,77,173,170,0,US,Other
anomani,Bounced,91,269,953,5,US,Los Angeles
anomani,Bounced,91,498,792,10,US,Los Angeles
anomani,Bounced,83,436,422,1,US,Los Angeles
anizani,Opened,7,221,913,3,US,San Francisco
ancoani,Sent,74,156,865,4,US,San Francisco
anomani,Bounced,59,55,749,5,US,Los Angeles
anomani,Bounced,56,255,924,7,US,San Francisco
anomani,Bounced,33,261,993,3,US,Los Angeles
anomani,Unsubscribed,29,196,925,7,US,New York
anomanj,Sent,15,377,86,8,US,Los Angeles
anduanj,Sent,54,422,523,9,US,New York
anomanj,Sent,3,399,813,3,US,Los Angeles
anomanj,Unsubscribed,76,403,968,9,US,New York
anomank,Sent,23,125,263,8,US,Los Angeles
anomano,Sent,91,2,712,5,US,Los Angeles
anomans,Opened,62,474,36,1,US,New York
anomant,Bounced,22,375,663,8,US,New York
anomanu,Sent,66,217,118,5,US,San Francisco
anomanw,Bounced,87,394,520,3,US,Los Angeles
aoomaol,Unsubscribed,28,53,600,1,US,New York
apomapo,Unsubscribed,75,474,783,1,US,San Francisco
apomapr,Opened,87,453,264,9,US,San Francisco
aromara,Sent,35,42,245,5,US,New York
aromara,Bounced,48,189,702,7,US,San Francisco
aromara,Sent,38,108,473,1,US,San Francisco
aromari,Sent,69,186,597,9,US,Los Angeles
aromarj,Unsubscribed,7,78,840,6,US,Los Angeles
aromarj,Unsubscribed,2,366,138,7,US,San Francisco
arduart,Bounced,24,164,890,8,US,Los Angeles
aromaru,Opened,29,23,459,3,US,Other
asomash,Sent,7,60,916,9,US,Los Angeles
asomash,Bounced,22,484,791,5,US,San Francisco
asomash,Unsubscribed,23,318,445,4,US,San Francisco
asomash,Sent,79,204,262,8,US,Los Angeles
asomash,Sent,16,304,296,8,US,Other
asomasu,Unsubscribed,45,203,847,5,US,Los Angeles
avomavo,Opened,95,182,418,3,US,Los Angeles
azomaza,Opened,71,406,280,1,US,Los Angeles
baombaa,Unsubscribed,93,257,537,0,US,San Francisco
baombab,Bounced,88,193,986,8,US,Los Angeles
baombah,Sent,31,163,871,8,US,Los Angeles
baombaj,Bounced,31,250,763,1,US,New York
baomban,Bounced,49,34,632,8,US,Los Angeles
baomban,Unsubscribed,8,132,388,3,US,Los Angeles
baombar,Sent,11,93,665,9,US,Los Angeles
baombaw,Unsubscribed,73,433,932,2,US,Los Angeles
bbombbe,Opened,57,285,218,9,US,Los Angeles
BBomBBi,Unsubscribed,97,337,63,4,US,San Francisco
bdombde,Bounced,64,426,396,7,US,San Francisco
bdombdh,Unsubscribed,74,60,906,0,US,Los Angeles
beombeb,Opened,30,39,320,4,US,Other
bfombfi,Bounced,59,171,54,0,US,Los Angeles
bhdubha,Opened,52,396,258,5,US,Los Angeles
bhombha,Bounced,33,312,857,7,US,San Francisco
bhombha,Opened,14,345,647,1,US,San Francisco
biombib,Unsubscribed,1,316,830,0,US,San Francisco
biombib,Bounced,94,86,815,10,US,Los Angeles
BiomBil,Sent,18,352,823,4,US,Los Angeles
biombit,Opened,62,492,113,2,US,New York
biombiz,Sent,24,399,178,3,US,New York
bjombjj,Bounced,67,197,625,2,US,Los Angeles
blombla,Bounced,99,407,850,5,US,Los Angeles
blrgble,Opened,16,231,666,1,US,Los Angeles
bmombmu,Sent,92,178,527,5,US,San Francisco
bnombnn,Sent,58,212,612,4,US,San Francisco
boombob,Bounced,54,407,779,9,US,Los Angeles
boombob,Opened,20,498,740,10,US,Los Angeles
brombra,Unsubscribed,91,25,368,3,US,San Francisco
BromBre,Unsubscribed,76,441,589,6,US,New York
brombre,Bounced,60,225,128,4,US,Los Angeles
BromBri,Opened,6,469,315,10,US,Los Angeles
brombri,Sent,86,398,105,4,US,Los Angeles
brombri,Bounced,51,118,569,2,US,Los Angeles
brombry,Sent,10,242,375,2,US,San Francisco
bsombsh,Bounced,14,298,682,6,US,Los Angeles
bsombss,Unsubscribed,79,18,36,2,US,San Francisco
CaduCar,Sent,24,367,14,4,US,Los Angeles
caomcar,Opened,82,367,81,1,US,New York
cbomcba,Unsubscribed,84,215,977,2,US,Other
ccrgcca,Sent,38,185,921,2,US,Other
ccomccr,Sent,7,8,546,10,US,Los Angeles
chomcha,Unsubscribed,25,426,229,8,US,Los Angeles
chomcha,Bounced,68,169,277,10,US,San Francisco
chomcha,Opened,2,330,425,3,US,Los Angeles
ChomChr,Sent,19,63,190,6,US,Other
chomchr,Opened,10,93,252,8,US,New York
chomchr,Unsubscribed,73,15,949,3,US,Los Angeles
ChduChr,Sent,80,16,248,5,US,Other
CHomCHR,Bounced,63,399,397,8,US,San Francisco
chomchr,Opened,86,353,4,3,US,Los Angeles
chomchr,Opened,9,224,856,5,US,Los Angeles
CiomCin,Bounced,93,390,336,1,US,Los Angeles
ckomcka,Opened,48,109,380,0,US,Los Angeles
ckomckh,Unsubscribed,10,187,986,1,US,Los Angeles
clomcla,Bounced,67,47,155,5,US,New York
cmrgcmu,Sent,24,84,121,1,US,New York
coomcol,Opened,61,340,563,1,US,San Francisco
colycol,Opened,33,473,17,2,US,San Francisco
coetcon,Unsubscribed,43,251,433,4,US,Los Angeles
coomcoo,Unsubscribed,16,70,475,4,US,San Francisco
coomcoz,Unsubscribed,80,176,482,5,US,Los Angeles
cromcre,Unsubscribed,89,424,888,3,US,Los Angeles
cromcry,Bounced,27,147,251,9,US,New York
cromcry,Unsubscribed,79,34,523,8,US,Los Angeles
csomcse,Unsubscribed,10,345,348,10,US,Los Angeles
CuomCur,Sent,92,195,286,7,US,Los Angeles
cuomcus,Sent,58,128,242,8,US,Los Angeles
cuomcut,Sent,33,159,352,3,US,Los Angeles
daomdam,Sent,60,47,605,4,US,Los Angeles
DaomDam,Sent,36,99,322,8,US,Los Angeles
daomdan,Opened,33,437,585,1,US,Los Angeles
daomdan,Sent,42,88,969,5,US,New York
daomdan,Opened,25,486,619,9,US,San Francisco
daomdap,Unsubscribed,20,444,233,6,US,Los Angeles
daomdar,Bounced,63,368,428,7,US,San Francisco
daomdar,Sent,65,337,313,7,US,Los Angeles
daomdav,Bounced,3,146,608,9,US,San Francisco
daetdav,Bounced,52,156,88,7,US,San Francisco
daomdav,Sent,62,421,685,0,US,Los Angeles
deomdea,Unsubscribed,95,432,317,4,US,San Francisco
dergdeb,Unsubscribed,57,339,267,8,US,Los Angeles
deetdeb,Bounced,35,140,54,7,US,Los Angeles
deomdee,Opened,52,143,444,6,US,San Francisco
deomdee,Bounced,31,201,691,1,US,Los Angeles
deomdee,Sent,69,60,202,1,US,San Francisco
deomden,Sent,61,188,829,9,US,Los Angeles
deomden,Unsubscribed,70,344,620,7,US,New York
deomdes,Opened,42,328,382,9,US,Los Angeles
deomdev,Opened,54,191,644,6,US,Los Angeles
deomdev,Sent,45,392,380,9,US,Los Angeles
dhomdha,Sent,86,408,925,9,US,New York
dhomdho,Unsubscribed,61,269,919,4,US,San Francisco
dhomdhr,Sent,15,258,693,5,US,Los Angeles
diomdia,Unsubscribed,67,215,9,5,US,Los Angeles
didudim,Unsubscribed,15,227,347,5,US,San Francisco
didudip,Sent,22,394,400,1,US,New York
diomdiv,Unsubscribed,36,290,577,8,US,San Francisco
djomdja,Bounced,70,488,537,0,US,Los Angeles
djomdjn,Bounced,60,112,848,3,US,Los Angeles
djomdjp,Opened,13,307,154,8,US,New York
djomdjs,Unsubscribed,43,339,668,7,US,Los Angeles
djetdjs,Bounced,62,422,225,4,US,Los Angeles
djomdju,Opened,8,461,316,1,US,San Francisco
dkizdko,Opened,93,385,502,5,US,Los Angeles
dldudlo,Unsubscribed,5,303,744,2,US,Los Angeles
doomdoc,Unsubscribed,41,436,241,6,US,San Francisco
DoomDon,Unsubscribed,62,15,128,8,US,San Francisco
doomdon,Opened,53,209,755,2,US,Los Angeles
doomdon,Unsubscribed,39,192,605,2,US,Los Angeles
DoomDou,Opened,26,98,654,8,US,Los Angeles
doomdou,Unsubscribed,41,90,398,2,US,San Francisco
dsomds@,Opened,0,442,360,9,US,Los Angeles
dsomdsa,Sent,41,44,328,4,US,Los Angeles
eaomean,Opened,4,37,870,2,US,Los Angeles
ebomebu,Opened,32,436,555,2,US,Other
edomedi,Opened,11,480,443,0,US,Other
edomedi,Unsubscribed,19,171,269,8,US,Los Angeles
EfomEfr,Sent,53,33,398,1,US,Los Angeles
eiomein,Opened,12,98,913,5,US,San Francisco
ejomeja,Opened,63,214,654,0,US,San Francisco
ekomekm,Opened,19,389,647,10,US,Los Angeles
elomela,Opened,84,492,340,8,US,San Francisco
elomeli,Unsubscribed,7,445,457,5,US,Los Angeles
emomema,Sent,96,71,89,5,US,San Francisco
eoomeob,Unsubscribed,80,4,91,5,US,Other
EromEra,Sent,3,225,315,1,US,San Francisco
eromeri,Unsubscribed,56,341,617,4,US,San Francisco
EromEri,Opened,61,417,768,2,US,Los Angeles
esomest,Bounced,93,252,12,4,US,New York
esomesw,Unsubscribed,49,376,728,2,US,San Francisco
euomeur,Bounced,24,240,925,9,US,Los Angeles
evrgeve,Bounced,89,229,935,7,US,San Francisco
evrgeve,Opened,48,418,537,6,US,Los Angeles
exomexp,Bounced,0,370,78,1,US,San Francisco
exomext,Unsubscribed,24,440,473,10,US,San Francisco
fargfar,Bounced,9,240,472,6,US,Los Angeles
fiomfis,Unsubscribed,6,277,665,3,US,New York
fiomfiz,Bounced,90,193,391,5,US,Los Angeles
flomflo,Opened,66,233,418,9,US,New York
foomfon,Sent,39,401,599,7,US,Los Angeles
fromfra,Sent,73,72,665,4,US,Los Angeles
fromfre,Unsubscribed,3,357,304,8,US,Los Angeles
fyomfya,Opened,34,370,872,6,US,Los Angeles
GaomGab,Opened,45,419,153,2,US,New York
gaomgab,Opened,47,268,827,6,US,San Francisco
GaomGab,Sent,47,231,53,0,US,Los Angeles
gaomgab,Opened,33,71,794,3,US,New York
gaomgau,Bounced,75,241,99,4,US,Los Angeles
gdomgdu,Bounced,61,279,240,6,US,Los Angeles
geomgen,Unsubscribed,9,134,43,7,US,San Francisco
giomgig,Opened,70,166,84,2,US,San Francisco
gjomgja,Bounced,18,159,665,2,US,New York
gjomgja,Bounced,6,420,117,2,US,New York
gkomgke,Sent,37,422,747,6,US,New York
gkomgko,Opened,89,97,717,6,US,San Francisco
gromgre,Unsubscribed,56,256,202,9,US,New York
gromgrn,Sent,18,215,919,7,US,Los Angeles
gsomgse,Opened,83,343,463,5,US,Los Angeles
guomguh,Opened,58,403,234,4,US,San Francisco
guomgun,Opened,67,365,677,7,US,Los Angeles
gvomgva,Sent,12,301,539,8,US,San Francisco
HaomHaa,Sent,29,52,725,3,US,Los Angeles
haomhar,Sent,43,143,494,1,US,Los Angeles
haomhar,Sent,98,69,128,2,US,Los Angeles
haomhar,Bounced,92,170,323,9,US,Los Angeles
haomhar,Bounced,72,424,120,1,US,Los Angeles
haomhar,Bounced,89,107,28,1,US,San Francisco
hbethbe,Bounced,89,145,258,10,US,New York
HDomHDA,Opened,83,315,871,4,US,Los Angeles
heomhea,Bounced,25,13,300,9,US,New York
heomhel,Bounced,54,176,375,1,US,Los Angeles
HeomHer,Opened,85,422,80,2,US,San Francisco
hiomhip,Unsubscribed,35,65,937,1,US,San Francisco
hiomhir,Unsubscribed,59,361,456,5,US,San Francisco
HiomHir,Bounced,76,29,924,3,US,Los Angeles
hnomhne,Opened,84,352,112,8,US,San Francisco
hoomhob,Unsubscribed,61,342,311,10,US,New York
horghou,Bounced,44,205,323,2,US,Los Angeles
horghou,Bounced,34,33,983,5,US,Los Angeles
horghou,Bounced,3,235,187,3,US,San Francisco
horghou,Opened,90,449,388,1,US,New York
hromhr@,Unsubscribed,27,233,442,7,US,San Francisco
hromhr@,Sent,58,208,337,8,US,San Francisco
huomhuy,Bounced,12,179,53,5,US,San Francisco
icomice,Unsubscribed,1,342,364,6,US,Los Angeles
ifomifl,Unsubscribed,67,405,235,3,US,New York
igomign,Unsubscribed,79,113,353,6,US,Los Angeles
iiomiis,Sent,4,160,952,8,US,Los Angeles
ilomila,Unsubscribed,11,450,478,3,US,Los Angeles
imomimb,Bounced,99,467,807,9,US,San Francisco
inlyinf,Opened,46,398,210,2,US,New York
inetinf,Opened,40,245,445,3,US,San Francisco
inominf,Sent,92,155,844,9,US,San Francisco
inominf,Opened,29,36,63,7,US,Los Angeles
isomish,Sent,99,240,609,4,US,Los Angeles
jaomjac,Unsubscribed,14,272,889,5,US,San Francisco
JaomJac,Sent,61,117,163,9,US,San Francisco
jadujac,Bounced,78,167,925,7,US,San Francisco
jaomjac,Unsubscribed,64,274,423,3,US,San Francisco
JaomJam,Bounced,10,40,324,3,US,Other
jaomjam,Opened,12,189,598,1,US,San Francisco
jaomjam,Sent,10,487,368,0,US,San Francisco
jaomjas,Sent,70,292,59,0,US,Other
jaomjas,Bounced,44,399,158,4,US,Los Angeles
jaomjas,Opened,14,144,715,8,US,New York
JaomJas,Unsubscribed,79,152,231,2,US,Los Angeles
jaomjas,Unsubscribed,30,292,621,4,US,Los Angeles
jacojay,Opened,69,34,577,8,US,Other
jaomjay,Unsubscribed,92,400,405,9,US,New York
jaomjay,Unsubscribed,59,53,351,2,US,San Francisco
jaomjay,Bounced,30,103,826,1,US,Other
jeomjef,Bounced,32,107,631,6,US,Los Angeles
jeomjen,Bounced,60,233,491,2,US,Los Angeles
jeomjen,Opened,87,200,58,2,US,New York
jeomjen,Sent,48,486,33,6,US,San Francisco
jeomjen,Sent,77,248,673,5,US,San Francisco
jeomjen,Sent,36,317,171,8,US,San Francisco
jeomjes,Unsubscribed,72,227,521,9,US,Los Angeles
jeomjes,Bounced,19,317,223,1,US,Los Angeles
JeomJes,Bounced,57,380,725,2,US,San Francisco
jfomjf@,Bounced,97,124,779,8,US,Los Angeles
jfomjfe,Opened,87,492,353,3,US,Los Angeles
jgomjg@,Bounced,97,332,897,1,US,New York
jgomjgl,Opened,46,378,50,6,US,San Francisco
jhomjhr,Unsubscribed,56,69,462,2,US,New York
jiomjig,Bounced,71,295,264,8,US,Los Angeles
jiomjil,Bounced,84,5,46,6,US,Los Angeles
JiomJim,Opened,50,159,786,3,US,San Francisco
jiomjim,Unsubscribed,52,209,927,6,US,Los Angeles
jiomjim,Sent,96,402,65,1,US,Los Angeles
jiomjin,Sent,6,91,893,1,US,San Francisco
jkomjka,Sent,40,120,540,2,US,Los Angeles
joomjob,Bounced,54,353,839,8,US,Los Angeles
JoduJoe,Unsubscribed,47,59,9,4,US,New York
joomjoh,Bounced,39,233,331,9,US,San Francisco
joomjoh,Bounced,15,11,595,5,US,New York
joomjoh,Unsubscribed,96,123,696,2,US,Los Angeles
JoomJon,Unsubscribed,59,413,285,4,US,New York
JoomJon,Sent,44,40,245,3,US,Los Angeles
joomjon,Unsubscribed,89,411,758,3,US,Los Angeles
JoomJor,Opened,39,450,947,3,US,Los Angeles
joomjos,Unsubscribed,12,426,427,7,US,New York
jretjrm,Opened,13,485,862,6,US,Los Angeles
jsomjsa,Bounced,49,287,819,3,US,Los Angeles
jsomjsc,Unsubscribed,30,268,70,5,US,San Francisco
jsomjsh,Sent,7,172,391,3,US,New York
jtomjtn,Bounced,79,29,226,2,US,Los Angeles
juomjug,Bounced,53,381,889,1,US,San Francisco
juomjus,Unsubscribed,61,445,460,6,US,Los Angeles
juomjus,Opened,50,422,310,4,US,Los Angeles
jwomjwl,Sent,6,356,306,4,US,Los Angeles
k.omk.g,Bounced,16,186,244,6,US,Los Angeles
kaomkaj,Sent,75,263,448,9,US,Los Angeles
kargkal,Opened,40,220,287,0,US,New York
kainkal,Sent,76,263,914,6,US,Los Angeles
kadukal,Unsubscribed,34,191,758,1,US,San Francisco
kaomkam,Sent,54,363,166,3,US,Los Angeles
kaomkam,Unsubscribed,37,179,432,3,US,Los Angeles
kaomkar,Bounced,60,102,873,2,US,Los Angeles
kaomkar,Sent,10,439,279,6,US,Los Angeles
kaomkay,Sent,50,406,362,0,US,Los Angeles
kbomkbu,Unsubscribed,22,93,921,5,US,Los Angeles
keomked,Unsubscribed,70,38,578,6,US,San Francisco
keomked,Opened,47,356,715,2,US,New York
KeduKei,Unsubscribed,51,168,627,4,US,San Francisco
kedukei,Opened,78,174,826,8,US,Los Angeles
KeomKen,Bounced,39,437,800,9,US,Los Angeles
khomkha,Unsubscribed,7,394,571,3,US,San Francisco
kiomkil,Opened,17,82,864,9,US,San Francisco
klomkla,Bounced,26,243,86,6,US,San Francisco
kmomkma,Sent,8,471,451,7,US,Los Angeles
kmomkme,Bounced,26,261,250,4,US,San Francisco
kmomkms,Opened,67,221,858,4,US,Los Angeles
koomkom,Unsubscribed,24,178,75,5,US,Los Angeles
ksomksa,Opened,22,182,623,6,US,Los Angeles
ksduksa,Opened,82,226,245,7,US,Los Angeles
kuomkun,Bounced,78,483,366,4,US,New York
kyomkyl,Sent,64,364,825,8,US,San Francisco
KZomKZa,Opened,6,403,264,0,US,New York
laomlal,Unsubscribed,26,48,660,6,US,Los Angeles
laomlas,Unsubscribed,68,22,400,9,US,Los Angeles
ladulav,Opened,53,489,817,5,US,San Francisco
laomlax,Opened,92,419,488,4,US,Los Angeles
laomlax,Unsubscribed,92,172,921,6,US,San Francisco
lhomlha,Opened,81,250,52,4,US,San Francisco
lsomlsh,Opened,68,426,159,2,US,Los Angeles
meommeh,Bounced,64,208,499,6,US,San Francisco
MiduMic,Sent,68,498,586,2,US,San Francisco
miommis,Unsubscribed,13,124,377,2,US,Los Angeles
nbomnbh,Bounced,13,413,433,1,US,Los Angeles
niomnir,Unsubscribed,97,290,408,3,US,Los Angeles
noomnoi,Opened,48,167,932,5,US,Los Angeles
pargpar,Unsubscribed,24,105,589,5,US,Other
rkomrkh,Bounced,33,311,561,2,US,Other
slomsle,Opened,58,402,745,7,US,New York
suomsur,Sent,9,343,77,4,US,Los Angeles
thomthe,Bounced,32,397,586,6,US,San Francisco
usomusc,Bounced,78,182,156,2,US,San Francisco